{"cameraMode":{"drawMode":0,"name":"Shaded","section":"Shading Mode"},"sceneLighting":true,"audioPlay":false,"sceneViewState":{"showFog":true,"showMaterialUpdate":false,"showSkybox":true,"showFlares":true,"showImageEffects":true,"showParticleSystems":true},"in2DMode":false,"pivot":{"x":215.8839111328125,"y":0.0,"z":105.88904571533203},"rotation":{"x":-0.13851197063922883,"y":0.17928895354270936,"z":-0.025505317375063897,"w":-0.9736629128456116},"size":12.570001602172852,"orthographic":false}