{"cameraMode":{"drawMode":0,"name":"Shaded","section":"Shading Mode"},"sceneLighting":true,"audioPlay":false,"sceneViewState":{"showFog":true,"showMaterialUpdate":false,"showSkybox":true,"showFlares":true,"showImageEffects":true,"showParticleSystems":true},"in2DMode":false,"pivot":{"x":-13.845855712890625,"y":-38.204620361328128,"z":283.31866455078127},"rotation":{"x":-0.2549963891506195,"y":0.5920517444610596,"z":-0.2049843668937683,"w":-0.7365005016326904},"size":516.0760498046875,"orthographic":false}